<?xml version="1.0" encoding="UTF-8"?>
<component name="searchComponent" extends="Group" initialFocus="firstVideoMUG">
    <script type="text/brightscript" uri="searchComponent.brs" />
    <interface>
        <field id="setFocus" type="boolean" onChange="onSetFocus" alwaysNotify="true" />
    </interface>
    <children>
        
        <LayoutGroup id="outerLayoutGroup" translation="[100, 400]" layoutDirection="horiz" itemSpacings="[100, 100]">
            <MarkupGrid id="firstVideoMUG" 
             itemComponentName="firstVideoComponent"
             numColumns="1"
             numRows="1" 
             itemSize="[540, 300]" 
             translation="[300, 400]"
            />
            <MarkupGrid id="secondVideoMUG"
             itemComponentName="secondVideoComponent"
             numColumns="3" 
             numRows="1" 
             itemSize="[305, 180]" 
             itemSpacing = "[50, 50]"
             translation="[300, 600]"
            />
        </LayoutGroup>
        
        
    </children>
</component>