<?xml version="1.0" encoding="UTF-8"?>
<component name="searchComponent" extends="Group" initialFocus="secondVideoMUG">
    <script type="text/brightscript" uri="searchComponent.brs" />
    <interface>
        <field id="setFocus" type="boolean" onChange="onSetFocus" alwaysNotify="true" />
    </interface>
    <children>
        
        <LayoutGroup id="outerLayoutGroup" translation="[0,0]" layoutDirection="horiz" itemSpacings="[100, 100]">
            <MarkupGrid id="firstVideoMUG" 
             itemComponentName="firstVideoComponent"
             numColumns="1"
             numRows="1" 
             itemSize="[600, 300]" 
             translation="[300, 400]" 
            />
            <MarkupGrid id="secondVideoMUG"
             itemComponentName="secondVideoComponent"
             numColumns="6" 
             numRows="3" 
             itemSize="[300, 200]" 
             itemSpacing = "[50, 50]"
             translation="[400, 400]"
            />
        </LayoutGroup>
        
        
    </children>
</component>